Market_Sector_Key,Description,Brand
MT,MTD,46
MTD,MTD,46
M1,MTD dealer,46
CC,Cub Cadet,35
C1,Cub Cadet Dealer,35
C2,Cub Cadet PowerShop,35
C3,Cub Cadet Power Shop in preparation,35
C4,Cub Cadet Dealer without contract (used in France),35
C5,"Cub Cadet Agent/Reseller (dealer which is delivered by other Cub Cadet dealer, not by MTD, used in France)",35
WG,WOLF-Garten,39
WOLF,WOLF-Garten,39
W1,WOLF-Garten Dealer Basic Assortment,39
W2,WOLF-Garten Expert Dealer,39
W3,WOLF-Garten Competence Center,39
W4,WOLF-Garten Competence Center in preparation,39
R1,Robomow Online dealer no stock,36
R2,Robomow Online dealer with stock,36
R3,Robomow Official Basic Dealer,36
R4,Robomow Official Advanced Dealer,36
R5,Robomow Official Premium Dealer,36
R6,Robomow SD Online dealer no stock,36
R7,Robomow SD Online dealer with stock,36
R8,Robomow SD Official Basic Dealer,36
R9,Robomow SD Official Advanced Dealer,36
R10,Robomow SD Official Premium Dealer,36
